name,hc,pd,features
AVPEPUDEA0058,0.43651638346767835,0.5634836165323217,"{""pcm_fftMag_mfcc[3]"": -0.016060663581280284, ""PlpCC[0]"": 0.014341255903626818, ""PlpCC[3]"": 0.011447873933774881, ""pcm_fftMag_mfcc[0]"": -0.010709107690277666, ""pcm_fftMag_mfcc[2]"": -0.006696785218046018}"
