name,hc,pd,features
286,0.3088726765577499,0.6911273234422501,"{""pcm_fftMag_mfcc[0]"": 0.04310362833115808, ""shimmerLocaldB_sma3nz"": 0.039552466020614054, ""PlpCC[1]"": 0.039375014318594755, ""pcm_fftMag_mfcc_de[12]"": 0.03657358064335085, ""PlpCC[0]"": -0.025732116560592266, ""HNR_sma"": -0.025509048164556968, ""PlpCC[2]"": 0.023313908700923165, ""PlpCC_de[5]"": -0.018372608854537086, ""pcm_fftMag_mfcc[1]"": 0.017913934989066675, ""pcm_fftMag_mfcc[2]"": -0.016454417631704427, ""jitterLocal_sma3nz"": 0.011552876368859138}"
