name,hc,pd,features
AVPEPUDEAC0004,0.2008711340584034,0.7991288659415966,"{""PlpCC[1]"": 0.046855633971060164, ""pcm_fftMag_mfcc[4]"": 0.04186266296437882, ""pcm_fftMag_mfcc[1]"": -0.03251371966329897, ""PlpCC[3]"": 0.03232565616758181, ""pcm_fftMag_mfcc[12]"": 0.025583979205110238, ""pcm_fftMag_mfcc[3]"": -0.020616061658355236, ""jitterLocal_sma3nz"": 0.014295064410389401}"
